[
{"id":"1","sehir_id":"37","ilce_adi":"Abana"},
{"id":"2","sehir_id":"50","ilce_adi":"Acıgöl"},
{"id":"3","sehir_id":"20","ilce_adi":"Acıpayam"},
{"id":"4","sehir_id":"12","ilce_adi":"Adaklı"},
{"id":"5","sehir_id":"34","ilce_adi":"Adalar"},
{"id":"6","sehir_id":"54","ilce_adi":"Adapazarı"},
{"id":"7","sehir_id":"2","ilce_adi":"Adıyaman"},
{"id":"8","sehir_id":"13","ilce_adi":"Adilcevaz"},
{"id":"9","sehir_id":"46","ilce_adi":"Afşin"},
{"id":"10","sehir_id":"3","ilce_adi":"Afyonkarahisar"},
{"id":"11","sehir_id":"68","ilce_adi":"Ağaçören"},
{"id":"12","sehir_id":"23","ilce_adi":"Ağın"},
{"id":"13","sehir_id":"15","ilce_adi":"Ağlasun"},
{"id":"14","sehir_id":"37","ilce_adi":"Ağlı"},
{"id":"15","sehir_id":"4","ilce_adi":"Ağrı"},
{"id":"16","sehir_id":"42","ilce_adi":"Ahırlı"},
{"id":"17","sehir_id":"13","ilce_adi":"Ahlat"},
{"id":"18","sehir_id":"45","ilce_adi":"Ahmetli"},
{"id":"19","sehir_id":"61","ilce_adi":"Akçaabat"},
{"id":"20","sehir_id":"44","ilce_adi":"Akçadağ"},
{"id":"21","sehir_id":"63","ilce_adi":"Akçakale"},
{"id":"22","sehir_id":"40","ilce_adi":"Akçakent"},
{"id":"23","sehir_id":"81","ilce_adi":"Akçakoca"},
{"id":"24","sehir_id":"66","ilce_adi":"Akdağmadeni"},
{"id":"25","sehir_id":"33","ilce_adi":"Akdeniz"},
{"id":"26","sehir_id":"45","ilce_adi":"Akhisar"},
{"id":"27","sehir_id":"58","ilce_adi":"Akıncılar"},
{"id":"28","sehir_id":"38","ilce_adi":"Akkışla"},
{"id":"29","sehir_id":"52","ilce_adi":"Akkuş"},
{"id":"30","sehir_id":"42","ilce_adi":"Akören"},
{"id":"31","sehir_id":"40","ilce_adi":"Akpınar"},
{"id":"32","sehir_id":"68","ilce_adi":"Aksaray"},
{"id":"33","sehir_id":"7","ilce_adi":"Akseki"},
{"id":"34","sehir_id":"7","ilce_adi":"Aksu"},
{"id":"35","sehir_id":"32","ilce_adi":"Aksu"},
{"id":"36","sehir_id":"42","ilce_adi":"Akşehir"},
{"id":"37","sehir_id":"36","ilce_adi":"Akyaka"},
{"id":"38","sehir_id":"54","ilce_adi":"Akyazı"},
{"id":"39","sehir_id":"6","ilce_adi":"Akyurt"},
{"id":"40","sehir_id":"19","ilce_adi":"Alaca"},
{"id":"41","sehir_id":"23","ilce_adi":"Alacakaya"},
{"id":"42","sehir_id":"55","ilce_adi":"Alaçam"},
{"id":"43","sehir_id":"1","ilce_adi":"Aladağ"},
{"id":"44","sehir_id":"7","ilce_adi":"Alanya"},
{"id":"45","sehir_id":"67","ilce_adi":"Alaplı"},
{"id":"46","sehir_id":"45","ilce_adi":"Alaşehir"},
{"id":"47","sehir_id":"35","ilce_adi":"Aliağa"},
{"id":"48","sehir_id":"60","ilce_adi":"Almus"},
{"id":"49","sehir_id":"26","ilce_adi":"Alpu"},
{"id":"50","sehir_id":"10","ilce_adi":"Altıeylül"},
{"id":"51","sehir_id":"6","ilce_adi":"Altındağ"},
{"id":"52","sehir_id":"42","ilce_adi":"Altınekin"},
{"id":"53","sehir_id":"52","ilce_adi":"Altınordu"},
{"id":"54","sehir_id":"77","ilce_adi":"Altınova"},
{"id":"55","sehir_id":"31","ilce_adi":"Altınözü"},
{"id":"56","sehir_id":"43","ilce_adi":"Altıntaş"},
{"id":"57","sehir_id":"15","ilce_adi":"Altınyayla"},
{"id":"58","sehir_id":"58","ilce_adi":"Altınyayla"},
{"id":"59","sehir_id":"51","ilce_adi":"Altunhisar"},
{"id":"60","sehir_id":"28","ilce_adi":"Alucra"},
{"id":"61","sehir_id":"74","ilce_adi":"Amasra"},
{"id":"62","sehir_id":"5","ilce_adi":"Amasya"},
{"id":"63","sehir_id":"33","ilce_adi":"Anamur"},
{"id":"64","sehir_id":"46","ilce_adi":"Andırın"},
{"id":"65","sehir_id":"31","ilce_adi":"Antakya"},
{"id":"66","sehir_id":"27","ilce_adi":"Araban"},
{"id":"67","sehir_id":"37","ilce_adi":"Araç"},
{"id":"68","sehir_id":"61","ilce_adi":"Araklı"},
{"id":"69","sehir_id":"76","ilce_adi":"Aralık"},
{"id":"70","sehir_id":"44","ilce_adi":"Arapgir"},
{"id":"71","sehir_id":"75","ilce_adi":"Ardahan"},
{"id":"72","sehir_id":"8","ilce_adi":"Ardanuç"},
{"id":"73","sehir_id":"53","ilce_adi":"Ardeşen"},
{"id":"74","sehir_id":"44","ilce_adi":"Arguvan"},
{"id":"75","sehir_id":"8","ilce_adi":"Arhavi"},
{"id":"76","sehir_id":"23","ilce_adi":"Arıcak"},
{"id":"77","sehir_id":"54","ilce_adi":"Arifiye"},
{"id":"78","sehir_id":"77","ilce_adi":"Armutlu"},
{"id":"79","sehir_id":"34","ilce_adi":"Arnavutköy"},
{"id":"80","sehir_id":"36","ilce_adi":"Arpaçay"},
{"id":"81","sehir_id":"61","ilce_adi":"Arsin"},
{"id":"82","sehir_id":"31","ilce_adi":"Arsuz"},
{"id":"83","sehir_id":"60","ilce_adi":"Artova"},
{"id":"84","sehir_id":"47","ilce_adi":"Artuklu"},
{"id":"85","sehir_id":"8","ilce_adi":"Artvin"},
{"id":"86","sehir_id":"55","ilce_adi":"Asarcık"},
{"id":"87","sehir_id":"43","ilce_adi":"Aslanapa"},
{"id":"88","sehir_id":"25","ilce_adi":"Aşkale"},
{"id":"89","sehir_id":"32","ilce_adi":"Atabey"},
{"id":"90","sehir_id":"55","ilce_adi":"Atakum"},
{"id":"91","sehir_id":"34","ilce_adi":"Ataşehir"},
{"id":"92","sehir_id":"18","ilce_adi":"Atkaracalar"},
{"id":"93","sehir_id":"50","ilce_adi":"Avanos"},
{"id":"94","sehir_id":"34","ilce_adi":"Avcılar"},
{"id":"95","sehir_id":"57","ilce_adi":"Ayancık"},
{"id":"96","sehir_id":"6","ilce_adi":"Ayaş"},
{"id":"97","sehir_id":"52","ilce_adi":"Aybastı"},
{"id":"98","sehir_id":"33","ilce_adi":"Aydıncık"},
{"id":"99","sehir_id":"66","ilce_adi":"Aydıncık"},
{"id":"100","sehir_id":"69","ilce_adi":"Aydıntepe"},
{"id":"101","sehir_id":"70","ilce_adi":"Ayrancı"},
{"id":"102","sehir_id":"17","ilce_adi":"Ayvacık"},
{"id":"103","sehir_id":"55","ilce_adi":"Ayvacık"},
{"id":"104","sehir_id":"10","ilce_adi":"Ayvalık"},
{"id":"105","sehir_id":"37","ilce_adi":"Azdavay"},
{"id":"106","sehir_id":"25","ilce_adi":"Aziziye"},
{"id":"107","sehir_id":"20","ilce_adi":"Babadağ"},
{"id":"108","sehir_id":"39","ilce_adi":"Babaeski"},
{"id":"109","sehir_id":"55","ilce_adi":"Bafra"},
{"id":"110","sehir_id":"34","ilce_adi":"Bağcılar"},
{"id":"111","sehir_id":"21","ilce_adi":"Bağlar"},
{"id":"112","sehir_id":"80","ilce_adi":"Bahçe"},
{"id":"113","sehir_id":"34","ilce_adi":"Bahçelievler"},
{"id":"114","sehir_id":"65","ilce_adi":"Bahçesaray"},
{"id":"115","sehir_id":"71","ilce_adi":"Bahşili"},
{"id":"116","sehir_id":"34","ilce_adi":"Bakırköy"},
{"id":"117","sehir_id":"20","ilce_adi":"Baklan"},
{"id":"118","sehir_id":"6","ilce_adi":"Bala"},
{"id":"119","sehir_id":"35","ilce_adi":"Balçova"},
{"id":"120","sehir_id":"71","ilce_adi":"Balışeyh"},
{"id":"121","sehir_id":"10","ilce_adi":"Balya"},
{"id":"122","sehir_id":"64","ilce_adi":"Banaz"},
{"id":"123","sehir_id":"10","ilce_adi":"Bandırma"},
{"id":"124","sehir_id":"74","ilce_adi":"Bartın"},
{"id":"125","sehir_id":"23","ilce_adi":"Baskil"},
{"id":"126","sehir_id":"34","ilce_adi":"Başakşehir"},
{"id":"127","sehir_id":"60","ilce_adi":"Başçiftlik"},
{"id":"128","sehir_id":"41","ilce_adi":"Başiskele"},
{"id":"129","sehir_id":"65","ilce_adi":"Başkale"},
{"id":"130","sehir_id":"3","ilce_adi":"Başmakçı"},
{"id":"131","sehir_id":"70","ilce_adi":"Başyayla"},
{"id":"132","sehir_id":"72","ilce_adi":"Batman"},
{"id":"133","sehir_id":"44","ilce_adi":"Battalgazi"},
{"id":"134","sehir_id":"3","ilce_adi":"Bayat"},
{"id":"135","sehir_id":"19","ilce_adi":"Bayat"},
{"id":"136","sehir_id":"69","ilce_adi":"Bayburt"},
{"id":"137","sehir_id":"35","ilce_adi":"Bayındır"},
{"id":"138","sehir_id":"56","ilce_adi":"Baykan"},
{"id":"139","sehir_id":"35","ilce_adi":"Bayraklı"},
{"id":"140","sehir_id":"17","ilce_adi":"Bayramiç"},
{"id":"141","sehir_id":"18","ilce_adi":"Bayramören"},
{"id":"142","sehir_id":"34","ilce_adi":"Bayrampaşa"},
{"id":"143","sehir_id":"20","ilce_adi":"Bekilli"},
{"id":"144","sehir_id":"31","ilce_adi":"Belen"},
{"id":"145","sehir_id":"35","ilce_adi":"Bergama"},
{"id":"146","sehir_id":"2","ilce_adi":"Besni"},
{"id":"147","sehir_id":"61","ilce_adi":"Beşikdüzü"},
{"id":"148","sehir_id":"34","ilce_adi":"Beşiktaş"},
{"id":"149","sehir_id":"72","ilce_adi":"Beşiri"},
{"id":"150","sehir_id":"20","ilce_adi":"Beyağaç"},
{"id":"151","sehir_id":"35","ilce_adi":"Beydağ"},
{"id":"152","sehir_id":"34","ilce_adi":"Beykoz"},
{"id":"153","sehir_id":"34","ilce_adi":"Beylikdüzü"},
{"id":"154","sehir_id":"26","ilce_adi":"Beylikova"},
{"id":"155","sehir_id":"34","ilce_adi":"Beyoğlu"},
{"id":"156","sehir_id":"6","ilce_adi":"Beypazarı"},
{"id":"157","sehir_id":"42","ilce_adi":"Beyşehir"},
{"id":"158","sehir_id":"73","ilce_adi":"Beytüşşebap"},
{"id":"159","sehir_id":"17","ilce_adi":"Biga"},
{"id":"160","sehir_id":"10","ilce_adi":"Bigadiç"},
{"id":"161","sehir_id":"11","ilce_adi":"Bilecik"},
{"id":"162","sehir_id":"12","ilce_adi":"Bingöl"},
{"id":"163","sehir_id":"63","ilce_adi":"Birecik"},
{"id":"164","sehir_id":"21","ilce_adi":"Bismil"},
{"id":"165","sehir_id":"13","ilce_adi":"Bitlis"},
{"id":"166","sehir_id":"48","ilce_adi":"Bodrum"},
{"id":"167","sehir_id":"19","ilce_adi":"Boğazkale"},
{"id":"168","sehir_id":"66","ilce_adi":"Boğazlıyan"},
{"id":"169","sehir_id":"14","ilce_adi":"Bolu"},
{"id":"170","sehir_id":"3","ilce_adi":"Bolvadin"},
{"id":"171","sehir_id":"51","ilce_adi":"Bor"},
{"id":"172","sehir_id":"8","ilce_adi":"Borçka"},
{"id":"173","sehir_id":"35","ilce_adi":"Bornova"},
{"id":"174","sehir_id":"57","ilce_adi":"Boyabat"},
{"id":"175","sehir_id":"17","ilce_adi":"Bozcaada"},
{"id":"176","sehir_id":"9","ilce_adi":"Bozdoğan"},
{"id":"177","sehir_id":"42","ilce_adi":"Bozkır"},
{"id":"178","sehir_id":"20","ilce_adi":"Bozkurt"},
{"id":"179","sehir_id":"37","ilce_adi":"Bozkurt"},
{"id":"180","sehir_id":"63","ilce_adi":"Bozova"},
{"id":"181","sehir_id":"40","ilce_adi":"Boztepe"},
{"id":"182","sehir_id":"11","ilce_adi":"Bozüyük"},
{"id":"183","sehir_id":"33","ilce_adi":"Bozyazı"},
{"id":"184","sehir_id":"35","ilce_adi":"Buca"},
{"id":"185","sehir_id":"15","ilce_adi":"Bucak"},
{"id":"186","sehir_id":"9","ilce_adi":"Buharkent"},
{"id":"187","sehir_id":"28","ilce_adi":"Bulancak"},
{"id":"188","sehir_id":"49","ilce_adi":"Bulanık"},
{"id":"189","sehir_id":"20","ilce_adi":"Buldan"},
{"id":"190","sehir_id":"15","ilce_adi":"Burdur"},
{"id":"191","sehir_id":"10","ilce_adi":"Burhaniye"},
{"id":"192","sehir_id":"38","ilce_adi":"Bünyan"},
{"id":"193","sehir_id":"34","ilce_adi":"Büyükçekmece"},
{"id":"194","sehir_id":"16","ilce_adi":"Büyükorhan"},
{"id":"195","sehir_id":"55","ilce_adi":"Canik"},
{"id":"196","sehir_id":"1","ilce_adi":"Ceyhan"},
{"id":"197","sehir_id":"63","ilce_adi":"Ceylanpınar"},
{"id":"198","sehir_id":"37","ilce_adi":"Cide"},
{"id":"199","sehir_id":"42","ilce_adi":"Cihanbeyli"},
{"id":"200","sehir_id":"73","ilce_adi":"Cizre"},
{"id":"201","sehir_id":"81","ilce_adi":"Cumayeri"},
{"id":"202","sehir_id":"46","ilce_adi":"Çağlayancerit"},
{"id":"203","sehir_id":"20","ilce_adi":"Çal"},
{"id":"204","sehir_id":"65","ilce_adi":"Çaldıran"},
{"id":"205","sehir_id":"51","ilce_adi":"Çamardı"},
{"id":"206","sehir_id":"52","ilce_adi":"Çamaş"},
{"id":"207","sehir_id":"20","ilce_adi":"Çameli"},
{"id":"208","sehir_id":"6","ilce_adi":"Çamlıdere"},
{"id":"209","sehir_id":"53","ilce_adi":"Çamlıhemşin"},
{"id":"210","sehir_id":"33","ilce_adi":"Çamlıyayla"},
{"id":"211","sehir_id":"28","ilce_adi":"Çamoluk"},
{"id":"212","sehir_id":"17","ilce_adi":"Çan"},
{"id":"213","sehir_id":"28","ilce_adi":"Çanakçı"},
{"id":"214","sehir_id":"17","ilce_adi":"Çanakkale"},
{"id":"215","sehir_id":"66","ilce_adi":"Çandır"},
{"id":"216","sehir_id":"6","ilce_adi":"Çankaya"},
{"id":"217","sehir_id":"18","ilce_adi":"Çankırı"},
{"id":"218","sehir_id":"20","ilce_adi":"Çardak"},
{"id":"219","sehir_id":"55","ilce_adi":"Çarşamba"},
{"id":"220","sehir_id":"61","ilce_adi":"Çarşıbaşı"},
{"id":"221","sehir_id":"25","ilce_adi":"Çat"},
{"id":"222","sehir_id":"65","ilce_adi":"Çatak"},
{"id":"223","sehir_id":"34","ilce_adi":"Çatalca"},
{"id":"224","sehir_id":"52","ilce_adi":"Çatalpınar"},
{"id":"225","sehir_id":"37","ilce_adi":"Çatalzeytin"},
{"id":"226","sehir_id":"43","ilce_adi":"Çavdarhisar"},
{"id":"227","sehir_id":"15","ilce_adi":"Çavdır"},
{"id":"228","sehir_id":"3","ilce_adi":"Çay"},
{"id":"229","sehir_id":"52","ilce_adi":"Çaybaşı"},
{"id":"230","sehir_id":"67","ilce_adi":"Çaycuma"},
{"id":"231","sehir_id":"53","ilce_adi":"Çayeli"},
{"id":"232","sehir_id":"66","ilce_adi":"Çayıralan"},
{"id":"233","sehir_id":"24","ilce_adi":"Çayırlı"},
{"id":"234","sehir_id":"41","ilce_adi":"Çayırova"},
{"id":"235","sehir_id":"61","ilce_adi":"Çaykara"},
{"id":"236","sehir_id":"66","ilce_adi":"Çekerek"},
{"id":"237","sehir_id":"34","ilce_adi":"Çekmeköy"},
{"id":"238","sehir_id":"71","ilce_adi":"Çelebi"},
{"id":"239","sehir_id":"2","ilce_adi":"Çelikhan"},
{"id":"240","sehir_id":"42","ilce_adi":"Çeltik"},
{"id":"241","sehir_id":"15","ilce_adi":"Çeltikçi"},
{"id":"242","sehir_id":"62","ilce_adi":"Çemişgezek"},
{"id":"243","sehir_id":"18","ilce_adi":"Çerkeş"},
{"id":"244","sehir_id":"59","ilce_adi":"Çerkezköy"},
{"id":"245","sehir_id":"21","ilce_adi":"Çermik"},
{"id":"246","sehir_id":"35","ilce_adi":"Çeşme"},
{"id":"247","sehir_id":"75","ilce_adi":"Çıldır"},
{"id":"248","sehir_id":"21","ilce_adi":"Çınar"},
{"id":"249","sehir_id":"77","ilce_adi":"Çınarcık"},
{"id":"250","sehir_id":"40","ilce_adi":"Çiçekdağı"},
{"id":"251","sehir_id":"26","ilce_adi":"Çifteler"},
{"id":"252","sehir_id":"51","ilce_adi":"Çiftlik"},
{"id":"253","sehir_id":"77","ilce_adi":"Çiftlikköy"},
{"id":"254","sehir_id":"35","ilce_adi":"Çiğli"},
{"id":"255","sehir_id":"81","ilce_adi":"Çilimli"},
{"id":"256","sehir_id":"9","ilce_adi":"Çine"},
{"id":"257","sehir_id":"20","ilce_adi":"Çivril"},
{"id":"258","sehir_id":"3","ilce_adi":"Çobanlar"},
{"id":"259","sehir_id":"59","ilce_adi":"Çorlu"},
{"id":"260","sehir_id":"19","ilce_adi":"Çorum"},
{"id":"261","sehir_id":"6","ilce_adi":"Çubuk"},
{"id":"262","sehir_id":"30","ilce_adi":"Çukurca"},
{"id":"263","sehir_id":"1","ilce_adi":"Çukurova"},
{"id":"264","sehir_id":"42","ilce_adi":"Çumra"},
{"id":"265","sehir_id":"21","ilce_adi":"Çüngüş"},
{"id":"266","sehir_id":"37","ilce_adi":"Daday"},
{"id":"267","sehir_id":"48","ilce_adi":"Dalaman"},
{"id":"268","sehir_id":"75","ilce_adi":"Damal"},
{"id":"269","sehir_id":"44","ilce_adi":"Darende"},
{"id":"270","sehir_id":"47","ilce_adi":"Dargeçit"},
{"id":"271","sehir_id":"41","ilce_adi":"Darıca"},
{"id":"272","sehir_id":"48","ilce_adi":"Datça"},
{"id":"273","sehir_id":"3","ilce_adi":"Dazkırı"},
{"id":"274","sehir_id":"31","ilce_adi":"Defne"},
{"id":"275","sehir_id":"71","ilce_adi":"Delice"},
{"id":"276","sehir_id":"45","ilce_adi":"Demirci"},
{"id":"277","sehir_id":"39","ilce_adi":"Demirköy"},
{"id":"278","sehir_id":"69","ilce_adi":"Demirözü"},
{"id":"279","sehir_id":"7","ilce_adi":"Demre"},
{"id":"280","sehir_id":"42","ilce_adi":"Derbent"},
{"id":"281","sehir_id":"42","ilce_adi":"Derebucak"},
{"id":"282","sehir_id":"28","ilce_adi":"Dereli"},
{"id":"283","sehir_id":"53","ilce_adi":"Derepazarı"},
{"id":"284","sehir_id":"47","ilce_adi":"Derik"},
{"id":"285","sehir_id":"41","ilce_adi":"Derince"},
{"id":"286","sehir_id":"50","ilce_adi":"Derinkuyu"},
{"id":"287","sehir_id":"61","ilce_adi":"Dernekpazarı"},
{"id":"288","sehir_id":"38","ilce_adi":"Develi"},
{"id":"289","sehir_id":"67","ilce_adi":"Devrek"},
{"id":"290","sehir_id":"37","ilce_adi":"Devrekani"},
{"id":"291","sehir_id":"21","ilce_adi":"Dicle"},
{"id":"292","sehir_id":"9","ilce_adi":"Didim"},
{"id":"293","sehir_id":"36","ilce_adi":"Digor"},
{"id":"294","sehir_id":"35","ilce_adi":"Dikili"},
{"id":"295","sehir_id":"57","ilce_adi":"Dikmen"},
{"id":"296","sehir_id":"41","ilce_adi":"Dilovası"},
{"id":"297","sehir_id":"3","ilce_adi":"Dinar"},
{"id":"298","sehir_id":"58","ilce_adi":"Divriği"},
{"id":"299","sehir_id":"4","ilce_adi":"Diyadin"},
{"id":"300","sehir_id":"19","ilce_adi":"Dodurga"},
{"id":"301","sehir_id":"42","ilce_adi":"Doğanhisar"},
{"id":"302","sehir_id":"28","ilce_adi":"Doğankent"},
{"id":"303","sehir_id":"58","ilce_adi":"Doğanşar"},
{"id":"304","sehir_id":"44","ilce_adi":"Doğanşehir"},
{"id":"305","sehir_id":"44","ilce_adi":"Doğanyol"},
{"id":"306","sehir_id":"37","ilce_adi":"Doğanyurt"},
{"id":"307","sehir_id":"4","ilce_adi":"Doğubayazıt"},
{"id":"308","sehir_id":"43","ilce_adi":"Domaniç"},
{"id":"309","sehir_id":"14","ilce_adi":"Dörtdivan"},
{"id":"310","sehir_id":"31","ilce_adi":"Dörtyol"},
{"id":"311","sehir_id":"7","ilce_adi":"Döşemealtı"},
{"id":"312","sehir_id":"46","ilce_adi":"Dulkadiroğlu"},
{"id":"313","sehir_id":"43","ilce_adi":"Dumlupınar"},
{"id":"314","sehir_id":"57","ilce_adi":"Durağan"},
{"id":"315","sehir_id":"10","ilce_adi":"Dursunbey"},
{"id":"316","sehir_id":"81","ilce_adi":"Düzce"},
{"id":"317","sehir_id":"80","ilce_adi":"Düziçi"},
{"id":"318","sehir_id":"61","ilce_adi":"Düzköy"},
{"id":"319","sehir_id":"17","ilce_adi":"Eceabat"},
{"id":"320","sehir_id":"22","ilce_adi":"Edirne"},
{"id":"321","sehir_id":"10","ilce_adi":"Edremit"},
{"id":"322","sehir_id":"65","ilce_adi":"Edremit"},
{"id":"323","sehir_id":"9","ilce_adi":"Efeler"},
{"id":"324","sehir_id":"78","ilce_adi":"Eflani"},
{"id":"325","sehir_id":"21","ilce_adi":"Eğil"},
{"id":"326","sehir_id":"32","ilce_adi":"Eğirdir"},
{"id":"327","sehir_id":"46","ilce_adi":"Ekinözü"},
{"id":"328","sehir_id":"23","ilce_adi":"Elazığ"},
{"id":"329","sehir_id":"79","ilce_adi":"Elbeyli"},
{"id":"330","sehir_id":"46","ilce_adi":"Elbistan"},
{"id":"331","sehir_id":"18","ilce_adi":"Eldivan"},
{"id":"332","sehir_id":"4","ilce_adi":"Eleşkirt"},
{"id":"333","sehir_id":"6","ilce_adi":"Elmadağ"},
{"id":"334","sehir_id":"7","ilce_adi":"Elmalı"},
{"id":"335","sehir_id":"43","ilce_adi":"Emet"},
{"id":"336","sehir_id":"3","ilce_adi":"Emirdağ"},
{"id":"337","sehir_id":"42","ilce_adi":"Emirgazi"},
{"id":"338","sehir_id":"22","ilce_adi":"Enez"},
{"id":"339","sehir_id":"60","ilce_adi":"Erbaa"},
{"id":"340","sehir_id":"65","ilce_adi":"Erciş"},
{"id":"341","sehir_id":"10","ilce_adi":"Erdek"},
{"id":"342","sehir_id":"33","ilce_adi":"Erdemli"},
{"id":"343","sehir_id":"42","ilce_adi":"Ereğli"},
{"id":"344","sehir_id":"67","ilce_adi":"Ereğli"},
{"id":"345","sehir_id":"54","ilce_adi":"Erenler"},
{"id":"346","sehir_id":"57","ilce_adi":"Erfelek"},
{"id":"347","sehir_id":"21","ilce_adi":"Ergani"},
{"id":"348","sehir_id":"59","ilce_adi":"Ergene"},
{"id":"349","sehir_id":"70","ilce_adi":"Ermenek"},
{"id":"350","sehir_id":"56","ilce_adi":"Eruh"},
{"id":"351","sehir_id":"31","ilce_adi":"Erzin"},
{"id":"352","sehir_id":"24","ilce_adi":"Erzincan"},
{"id":"353","sehir_id":"34","ilce_adi":"Esenler"},
{"id":"354","sehir_id":"34","ilce_adi":"Esenyurt"},
{"id":"355","sehir_id":"68","ilce_adi":"Eskil"},
{"id":"356","sehir_id":"78","ilce_adi":"Eskipazar"},
{"id":"357","sehir_id":"28","ilce_adi":"Espiye"},
{"id":"358","sehir_id":"64","ilce_adi":"Eşme"},
{"id":"359","sehir_id":"6","ilce_adi":"Etimesgut"},
{"id":"360","sehir_id":"3","ilce_adi":"Evciler"},
{"id":"361","sehir_id":"6","ilce_adi":"Evren"},
{"id":"362","sehir_id":"28","ilce_adi":"Eynesil"},
{"id":"363","sehir_id":"34","ilce_adi":"Eyüp"},
{"id":"364","sehir_id":"63","ilce_adi":"Eyyübiye"},
{"id":"365","sehir_id":"17","ilce_adi":"Ezine"},
{"id":"366","sehir_id":"34","ilce_adi":"Fatih"},
{"id":"367","sehir_id":"52","ilce_adi":"Fatsa"},
{"id":"368","sehir_id":"1","ilce_adi":"Feke"},
{"id":"369","sehir_id":"38","ilce_adi":"Felahiye"},
{"id":"370","sehir_id":"54","ilce_adi":"Ferizli"},
{"id":"371","sehir_id":"48","ilce_adi":"Fethiye"},
{"id":"372","sehir_id":"53","ilce_adi":"Fındıklı"},
{"id":"373","sehir_id":"7","ilce_adi":"Finike"},
{"id":"374","sehir_id":"35","ilce_adi":"Foça"},
{"id":"375","sehir_id":"35","ilce_adi":"Gaziemir"},
{"id":"376","sehir_id":"34","ilce_adi":"Gaziosmanpaşa"},
{"id":"377","sehir_id":"7","ilce_adi":"Gazipaşa"},
{"id":"378","sehir_id":"41","ilce_adi":"Gebze"},
{"id":"379","sehir_id":"43","ilce_adi":"Gediz"},
{"id":"380","sehir_id":"32","ilce_adi":"Gelendost"},
{"id":"381","sehir_id":"17","ilce_adi":"Gelibolu"},
{"id":"382","sehir_id":"58","ilce_adi":"Gemerek"},
{"id":"383","sehir_id":"16","ilce_adi":"Gemlik"},
{"id":"384","sehir_id":"12","ilce_adi":"Genç"},
{"id":"385","sehir_id":"72","ilce_adi":"Gercüş"},
{"id":"386","sehir_id":"14","ilce_adi":"Gerede"},
{"id":"387","sehir_id":"2","ilce_adi":"Gerger"},
{"id":"388","sehir_id":"9","ilce_adi":"Germencik"},
{"id":"389","sehir_id":"57","ilce_adi":"Gerze"},
{"id":"390","sehir_id":"65","ilce_adi":"Gevaş"},
{"id":"391","sehir_id":"54","ilce_adi":"Geyve"},
{"id":"392","sehir_id":"28","ilce_adi":"Giresun"},
{"id":"393","sehir_id":"17","ilce_adi":"Gökçeada"},
{"id":"394","sehir_id":"67","ilce_adi":"Gökçebey"},
{"id":"395","sehir_id":"46","ilce_adi":"Göksun"},
{"id":"396","sehir_id":"2","ilce_adi":"Gölbaşı"},
{"id":"397","sehir_id":"6","ilce_adi":"Gölbaşı"},
{"id":"398","sehir_id":"41","ilce_adi":"Gölcük"},
{"id":"399","sehir_id":"75","ilce_adi":"Göle"},
{"id":"400","sehir_id":"15","ilce_adi":"Gölhisar"},
{"id":"401","sehir_id":"52","ilce_adi":"Gölköy"},
{"id":"402","sehir_id":"45","ilce_adi":"Gölmarmara"},
{"id":"403","sehir_id":"58","ilce_adi":"Gölova"},
{"id":"404","sehir_id":"11","ilce_adi":"Gölpazarı"},
{"id":"405","sehir_id":"81","ilce_adi":"Gölyaka"},
{"id":"406","sehir_id":"10","ilce_adi":"Gömeç"},
{"id":"407","sehir_id":"10","ilce_adi":"Gönen"},
{"id":"408","sehir_id":"32","ilce_adi":"Gönen"},
{"id":"409","sehir_id":"45","ilce_adi":"Gördes"},
{"id":"410","sehir_id":"28","ilce_adi":"Görele"},
{"id":"411","sehir_id":"5","ilce_adi":"Göynücek"},
{"id":"412","sehir_id":"14","ilce_adi":"Göynük"},
{"id":"413","sehir_id":"28","ilce_adi":"Güce"},
{"id":"414","sehir_id":"73","ilce_adi":"Güçlükonak"},
{"id":"415","sehir_id":"6","ilce_adi":"Güdül"},
{"id":"416","sehir_id":"68","ilce_adi":"Gülağaç"},
{"id":"417","sehir_id":"33","ilce_adi":"Gülnar"},
{"id":"418","sehir_id":"50","ilce_adi":"Gülşehir"},
{"id":"419","sehir_id":"52","ilce_adi":"Gülyalı"},
{"id":"420","sehir_id":"5","ilce_adi":"Gümüşhacıköy"},
{"id":"421","sehir_id":"29","ilce_adi":"Gümüşhane"},
{"id":"422","sehir_id":"81","ilce_adi":"Gümüşova"},
{"id":"423","sehir_id":"7","ilce_adi":"Gündoğmuş"},
{"id":"424","sehir_id":"20","ilce_adi":"Güney"},
{"id":"425","sehir_id":"42","ilce_adi":"Güneysınır"},
{"id":"426","sehir_id":"53","ilce_adi":"Güneysu"},
{"id":"427","sehir_id":"34","ilce_adi":"Güngören"},
{"id":"428","sehir_id":"26","ilce_adi":"Günyüzü"},
{"id":"429","sehir_id":"52","ilce_adi":"Gürgentepe"},
{"id":"430","sehir_id":"13","ilce_adi":"Güroymak"},
{"id":"431","sehir_id":"65","ilce_adi":"Gürpınar"},
{"id":"432","sehir_id":"16","ilce_adi":"Gürsu"},
{"id":"433","sehir_id":"58","ilce_adi":"Gürün"},
{"id":"434","sehir_id":"35","ilce_adi":"Güzelbahçe"},
{"id":"435","sehir_id":"68","ilce_adi":"Güzelyurt"},
{"id":"436","sehir_id":"50","ilce_adi":"Hacıbektaş"},
{"id":"437","sehir_id":"38","ilce_adi":"Hacılar"},
{"id":"438","sehir_id":"42","ilce_adi":"Hadim"},
{"id":"439","sehir_id":"58","ilce_adi":"Hafik"},
{"id":"440","sehir_id":"30","ilce_adi":"Hakkâri"},
{"id":"441","sehir_id":"63","ilce_adi":"Halfeti"},
{"id":"442","sehir_id":"63","ilce_adi":"Haliliye"},
{"id":"443","sehir_id":"42","ilce_adi":"Halkapınar"},
{"id":"444","sehir_id":"5","ilce_adi":"Hamamözü"},
{"id":"445","sehir_id":"4","ilce_adi":"Hamur"},
{"id":"446","sehir_id":"26","ilce_adi":"Han"},
{"id":"447","sehir_id":"75","ilce_adi":"Hanak"},
{"id":"448","sehir_id":"21","ilce_adi":"Hani"},
{"id":"449","sehir_id":"37","ilce_adi":"Hanönü"},
{"id":"450","sehir_id":"16","ilce_adi":"Harmancık"},
{"id":"451","sehir_id":"63","ilce_adi":"Harran"},
{"id":"452","sehir_id":"80","ilce_adi":"Hasanbeyli"},
{"id":"453","sehir_id":"72","ilce_adi":"Hasankeyf"},
{"id":"454","sehir_id":"49","ilce_adi":"Hasköy"},
{"id":"455","sehir_id":"31","ilce_adi":"Hassa"},
{"id":"456","sehir_id":"10","ilce_adi":"Havran"},
{"id":"457","sehir_id":"22","ilce_adi":"Havsa"},
{"id":"458","sehir_id":"55","ilce_adi":"Havza"},
{"id":"459","sehir_id":"6","ilce_adi":"Haymana"},
{"id":"460","sehir_id":"59","ilce_adi":"Hayrabolu"},
{"id":"461","sehir_id":"61","ilce_adi":"Hayrat"},
{"id":"462","sehir_id":"21","ilce_adi":"Hazro"},
{"id":"463","sehir_id":"44","ilce_adi":"Hekimhan"},
{"id":"464","sehir_id":"53","ilce_adi":"Hemşin"},
{"id":"465","sehir_id":"54","ilce_adi":"Hendek"},
{"id":"466","sehir_id":"25","ilce_adi":"Hınıs"},
{"id":"467","sehir_id":"63","ilce_adi":"Hilvan"},
{"id":"468","sehir_id":"43","ilce_adi":"Hisarcık"},
{"id":"469","sehir_id":"13","ilce_adi":"Hizan"},
{"id":"470","sehir_id":"3","ilce_adi":"Hocalar"},
{"id":"471","sehir_id":"20","ilce_adi":"Honaz"},
{"id":"472","sehir_id":"8","ilce_adi":"Hopa"},
{"id":"473","sehir_id":"25","ilce_adi":"Horasan"},
{"id":"474","sehir_id":"62","ilce_adi":"Hozat"},
{"id":"475","sehir_id":"42","ilce_adi":"Hüyük"},
{"id":"476","sehir_id":"76","ilce_adi":"Iğdır"},
{"id":"477","sehir_id":"18","ilce_adi":"Ilgaz"},
{"id":"478","sehir_id":"42","ilce_adi":"Ilgın"},
{"id":"479","sehir_id":"32","ilce_adi":"Isparta"},
{"id":"480","sehir_id":"7","ilce_adi":"İbradı"},
{"id":"481","sehir_id":"73","ilce_adi":"İdil"},
{"id":"482","sehir_id":"37","ilce_adi":"İhsangazi"},
{"id":"483","sehir_id":"3","ilce_adi":"İhsaniye"},
{"id":"484","sehir_id":"52","ilce_adi":"İkizce"},
{"id":"485","sehir_id":"53","ilce_adi":"İkizdere"},
{"id":"486","sehir_id":"24","ilce_adi":"İliç"},
{"id":"487","sehir_id":"55","ilce_adi":"İlkadım"},
{"id":"488","sehir_id":"1","ilce_adi":"İmamoğlu"},
{"id":"489","sehir_id":"58","ilce_adi":"İmranlı"},
{"id":"490","sehir_id":"38","ilce_adi":"İncesu"},
{"id":"491","sehir_id":"9","ilce_adi":"İncirliova"},
{"id":"492","sehir_id":"37","ilce_adi":"İnebolu"},
{"id":"493","sehir_id":"16","ilce_adi":"İnegöl"},
{"id":"494","sehir_id":"11","ilce_adi":"İnhisar"},
{"id":"495","sehir_id":"26","ilce_adi":"İnönü"},
{"id":"496","sehir_id":"65","ilce_adi":"İpekyolu"},
{"id":"497","sehir_id":"22","ilce_adi":"İpsala"},
{"id":"498","sehir_id":"3","ilce_adi":"İscehisar"},
{"id":"499","sehir_id":"31","ilce_adi":"İskenderun"},
{"id":"500","sehir_id":"19","ilce_adi":"İskilip"},
{"id":"501","sehir_id":"27","ilce_adi":"İslahiye"},
{"id":"502","sehir_id":"25","ilce_adi":"İspir"},
{"id":"503","sehir_id":"10","ilce_adi":"İvrindi"},
{"id":"504","sehir_id":"53","ilce_adi":"İyidere"},
{"id":"505","sehir_id":"41","ilce_adi":"İzmit"},
{"id":"506","sehir_id":"16","ilce_adi":"İznik"},
{"id":"507","sehir_id":"52","ilce_adi":"Kabadüz"},
{"id":"508","sehir_id":"52","ilce_adi":"Kabataş"},
{"id":"509","sehir_id":"34","ilce_adi":"Kadıköy"},
{"id":"510","sehir_id":"42","ilce_adi":"Kadınhanı"},
{"id":"511","sehir_id":"66","ilce_adi":"Kadışehri"},
{"id":"512","sehir_id":"80","ilce_adi":"Kadirli"},
{"id":"513","sehir_id":"34","ilce_adi":"Kağıthane"},
{"id":"514","sehir_id":"36","ilce_adi":"Kağızman"},
{"id":"515","sehir_id":"2","ilce_adi":"Kahta"},
{"id":"516","sehir_id":"20","ilce_adi":"Kale"},
{"id":"517","sehir_id":"44","ilce_adi":"Kale"},
{"id":"518","sehir_id":"6","ilce_adi":"Kalecik"},
{"id":"519","sehir_id":"53","ilce_adi":"Kalkandere"},
{"id":"520","sehir_id":"40","ilce_adi":"Kaman"},
{"id":"521","sehir_id":"41","ilce_adi":"Kandıra"},
{"id":"522","sehir_id":"58","ilce_adi":"Kangal"},
{"id":"523","sehir_id":"59","ilce_adi":"Kapaklı"},
{"id":"524","sehir_id":"35","ilce_adi":"Karabağlar"},
{"id":"525","sehir_id":"35","ilce_adi":"Karaburun"},
{"id":"526","sehir_id":"78","ilce_adi":"Karabük"},
{"id":"527","sehir_id":"16","ilce_adi":"Karacabey"},
{"id":"528","sehir_id":"9","ilce_adi":"Karacasu"},
{"id":"529","sehir_id":"25","ilce_adi":"Karaçoban"},
{"id":"530","sehir_id":"64","ilce_adi":"Karahallı"},
{"id":"531","sehir_id":"1","ilce_adi":"Karaisalı"},
{"id":"532","sehir_id":"71","ilce_adi":"Karakeçili"},
{"id":"533","sehir_id":"23","ilce_adi":"Karakoçan"},
{"id":"534","sehir_id":"76","ilce_adi":"Karakoyunlu"},
{"id":"535","sehir_id":"63","ilce_adi":"Karaköprü"},
{"id":"536","sehir_id":"70","ilce_adi":"Karaman"},
{"id":"537","sehir_id":"15","ilce_adi":"Karamanlı"},
{"id":"538","sehir_id":"41","ilce_adi":"Karamürsel"},
{"id":"539","sehir_id":"42","ilce_adi":"Karapınar"},
{"id":"540","sehir_id":"54","ilce_adi":"Karapürçek"},
{"id":"541","sehir_id":"54","ilce_adi":"Karasu"},
{"id":"542","sehir_id":"1","ilce_adi":"Karataş"},
{"id":"543","sehir_id":"42","ilce_adi":"Karatay"},
{"id":"544","sehir_id":"25","ilce_adi":"Karayazı"},
{"id":"545","sehir_id":"10","ilce_adi":"Karesi"},
{"id":"546","sehir_id":"19","ilce_adi":"Kargı"},
{"id":"547","sehir_id":"27","ilce_adi":"Karkamış"},
{"id":"548","sehir_id":"12","ilce_adi":"Karlıova"},
{"id":"549","sehir_id":"9","ilce_adi":"Karpuzlu"},
{"id":"550","sehir_id":"36","ilce_adi":"Kars"},
{"id":"551","sehir_id":"35","ilce_adi":"Karşıyaka"},
{"id":"552","sehir_id":"34","ilce_adi":"Kartal"},
{"id":"553","sehir_id":"41","ilce_adi":"Kartepe"},
{"id":"554","sehir_id":"37","ilce_adi":"Kastamonu"},
{"id":"555","sehir_id":"7","ilce_adi":"Kaş"},
{"id":"556","sehir_id":"55","ilce_adi":"Kavak"},
{"id":"557","sehir_id":"48","ilce_adi":"Kavaklıdere"},
{"id":"558","sehir_id":"21","ilce_adi":"Kayapınar"},
{"id":"559","sehir_id":"54","ilce_adi":"Kaynarca"},
{"id":"560","sehir_id":"81","ilce_adi":"Kaynaşlı"},
{"id":"561","sehir_id":"6","ilce_adi":"Kazan"},
{"id":"562","sehir_id":"70","ilce_adi":"Kazımkarabekir"},
{"id":"563","sehir_id":"23","ilce_adi":"Keban"},
{"id":"564","sehir_id":"32","ilce_adi":"Keçiborlu"},
{"id":"565","sehir_id":"6","ilce_adi":"Keçiören"},
{"id":"566","sehir_id":"16","ilce_adi":"Keles"},
{"id":"567","sehir_id":"29","ilce_adi":"Kelkit"},
{"id":"568","sehir_id":"24","ilce_adi":"Kemah"},
{"id":"569","sehir_id":"24","ilce_adi":"Kemaliye"},
{"id":"570","sehir_id":"35","ilce_adi":"Kemalpaşa"},
{"id":"571","sehir_id":"7","ilce_adi":"Kemer"},
{"id":"572","sehir_id":"15","ilce_adi":"Kemer"},
{"id":"573","sehir_id":"7","ilce_adi":"Kepez"},
{"id":"574","sehir_id":"10","ilce_adi":"Kepsut"},
{"id":"575","sehir_id":"71","ilce_adi":"Keskin"},
{"id":"576","sehir_id":"16","ilce_adi":"Kestel"},
{"id":"577","sehir_id":"22","ilce_adi":"Keşan"},
{"id":"578","sehir_id":"28","ilce_adi":"Keşap"},
{"id":"579","sehir_id":"14","ilce_adi":"Kıbrıscık"},
{"id":"580","sehir_id":"35","ilce_adi":"Kınık"},
{"id":"581","sehir_id":"31","ilce_adi":"Kırıkhan"},
{"id":"582","sehir_id":"71","ilce_adi":"Kırıkkale"},
{"id":"583","sehir_id":"45","ilce_adi":"Kırkağaç"},
{"id":"584","sehir_id":"39","ilce_adi":"Kırklareli"},
{"id":"585","sehir_id":"40","ilce_adi":"Kırşehir"},
{"id":"586","sehir_id":"6","ilce_adi":"Kızılcahamam"},
{"id":"587","sehir_id":"18","ilce_adi":"Kızılırmak"},
{"id":"588","sehir_id":"3","ilce_adi":"Kızılören"},
{"id":"589","sehir_id":"47","ilce_adi":"Kızıltepe"},
{"id":"590","sehir_id":"12","ilce_adi":"Kiğı"},
{"id":"591","sehir_id":"67","ilce_adi":"Kilimli"},
{"id":"592","sehir_id":"79","ilce_adi":"Kilis"},
{"id":"593","sehir_id":"35","ilce_adi":"Kiraz"},
{"id":"594","sehir_id":"54","ilce_adi":"Kocaali"},
{"id":"595","sehir_id":"21","ilce_adi":"Kocaköy"},
{"id":"596","sehir_id":"38","ilce_adi":"Kocasinan"},
{"id":"597","sehir_id":"9","ilce_adi":"Koçarlı"},
{"id":"598","sehir_id":"39","ilce_adi":"Kofçaz"},
{"id":"599","sehir_id":"35","ilce_adi":"Konak"},
{"id":"600","sehir_id":"7","ilce_adi":"Konyaaltı"},
{"id":"601","sehir_id":"52","ilce_adi":"Korgan"},
{"id":"602","sehir_id":"18","ilce_adi":"Korgun"},
{"id":"603","sehir_id":"49","ilce_adi":"Korkut"},
{"id":"604","sehir_id":"7","ilce_adi":"Korkuteli"},
{"id":"605","sehir_id":"23","ilce_adi":"Kovancılar"},
{"id":"606","sehir_id":"58","ilce_adi":"Koyulhisar"},
{"id":"607","sehir_id":"50","ilce_adi":"Kozaklı"},
{"id":"608","sehir_id":"1","ilce_adi":"Kozan"},
{"id":"609","sehir_id":"67","ilce_adi":"Kozlu"},
{"id":"610","sehir_id":"72","ilce_adi":"Kozluk"},
{"id":"611","sehir_id":"45","ilce_adi":"Köprübaşı"},
{"id":"612","sehir_id":"61","ilce_adi":"Köprübaşı"},
{"id":"613","sehir_id":"25","ilce_adi":"Köprüköy"},
{"id":"614","sehir_id":"41","ilce_adi":"Körfez"},
{"id":"615","sehir_id":"29","ilce_adi":"Köse"},
{"id":"616","sehir_id":"9","ilce_adi":"Köşk"},
{"id":"617","sehir_id":"48","ilce_adi":"Köyceğiz"},
{"id":"618","sehir_id":"45","ilce_adi":"Kula"},
{"id":"619","sehir_id":"21","ilce_adi":"Kulp"},
{"id":"620","sehir_id":"42","ilce_adi":"Kulu"},
{"id":"621","sehir_id":"44","ilce_adi":"Kuluncak"},
{"id":"622","sehir_id":"31","ilce_adi":"Kumlu"},
{"id":"623","sehir_id":"7","ilce_adi":"Kumluca"},
{"id":"624","sehir_id":"52","ilce_adi":"Kumru"},
{"id":"625","sehir_id":"18","ilce_adi":"Kurşunlu"},
{"id":"626","sehir_id":"56","ilce_adi":"Kurtalan"},
{"id":"627","sehir_id":"74","ilce_adi":"Kurucaşile"},
{"id":"628","sehir_id":"9","ilce_adi":"Kuşadası"},
{"id":"629","sehir_id":"9","ilce_adi":"Kuyucak"},
{"id":"630","sehir_id":"34","ilce_adi":"Küçükçekmece"},
{"id":"631","sehir_id":"37","ilce_adi":"Küre"},
{"id":"632","sehir_id":"29","ilce_adi":"Kürtün"},
{"id":"633","sehir_id":"43","ilce_adi":"Kütahya"},
{"id":"634","sehir_id":"19","ilce_adi":"Laçin"},
{"id":"635","sehir_id":"55","ilce_adi":"Ladik"},
{"id":"636","sehir_id":"22","ilce_adi":"Lalapaşa"},
{"id":"637","sehir_id":"17","ilce_adi":"Lapseki"},
{"id":"638","sehir_id":"21","ilce_adi":"Lice"},
{"id":"639","sehir_id":"39","ilce_adi":"Lüleburgaz"},
{"id":"640","sehir_id":"61","ilce_adi":"Maçka"},
{"id":"641","sehir_id":"23","ilce_adi":"Maden"},
{"id":"642","sehir_id":"26","ilce_adi":"Mahmudiye"},
{"id":"643","sehir_id":"49","ilce_adi":"Malazgirt"},
{"id":"644","sehir_id":"59","ilce_adi":"Malkara"},
{"id":"645","sehir_id":"34","ilce_adi":"Maltepe"},
{"id":"646","sehir_id":"6","ilce_adi":"Mamak"},
{"id":"647","sehir_id":"7","ilce_adi":"Manavgat"},
{"id":"648","sehir_id":"10","ilce_adi":"Manyas"},
{"id":"649","sehir_id":"10","ilce_adi":"Marmara"},
{"id":"650","sehir_id":"59","ilce_adi":"Marmaraereğlisi"},
{"id":"651","sehir_id":"48","ilce_adi":"Marmaris"},
{"id":"652","sehir_id":"62","ilce_adi":"Mazgirt"},
{"id":"653","sehir_id":"47","ilce_adi":"Mazıdağı"},
{"id":"654","sehir_id":"19","ilce_adi":"Mecitözü"},
{"id":"655","sehir_id":"38","ilce_adi":"Melikgazi"},
{"id":"656","sehir_id":"35","ilce_adi":"Menderes"},
{"id":"657","sehir_id":"35","ilce_adi":"Menemen"},
{"id":"658","sehir_id":"14","ilce_adi":"Mengen"},
{"id":"659","sehir_id":"48","ilce_adi":"Menteşe"},
{"id":"660","sehir_id":"42","ilce_adi":"Meram"},
{"id":"661","sehir_id":"22","ilce_adi":"Meriç"},
{"id":"662","sehir_id":"20","ilce_adi":"Merkezefendi"},
{"id":"663","sehir_id":"5","ilce_adi":"Merzifon"},
{"id":"664","sehir_id":"52","ilce_adi":"Mesudiye"},
{"id":"665","sehir_id":"33","ilce_adi":"Mezitli"},
{"id":"666","sehir_id":"47","ilce_adi":"Midyat"},
{"id":"667","sehir_id":"26","ilce_adi":"Mihalgazi"},
{"id":"668","sehir_id":"26","ilce_adi":"Mihalıççık"},
{"id":"669","sehir_id":"48","ilce_adi":"Milas"},
{"id":"670","sehir_id":"40","ilce_adi":"Mucur"},
{"id":"671","sehir_id":"16","ilce_adi":"Mudanya"},
{"id":"672","sehir_id":"14","ilce_adi":"Mudurnu"},
{"id":"673","sehir_id":"65","ilce_adi":"Muradiye"},
{"id":"674","sehir_id":"59","ilce_adi":"Muratlı"},
{"id":"675","sehir_id":"7","ilce_adi":"Muratpaşa"},
{"id":"676","sehir_id":"8","ilce_adi":"Murgul"},
{"id":"677","sehir_id":"79","ilce_adi":"Musabeyli"},
{"id":"678","sehir_id":"16","ilce_adi":"Mustafakemalpaşa"},
{"id":"679","sehir_id":"49","ilce_adi":"Muş"},
{"id":"680","sehir_id":"33","ilce_adi":"Mut"},
{"id":"681","sehir_id":"13","ilce_adi":"Mutki"},
{"id":"682","sehir_id":"6","ilce_adi":"Nallıhan"},
{"id":"683","sehir_id":"35","ilce_adi":"Narlıdere"},
{"id":"684","sehir_id":"25","ilce_adi":"Narman"},
{"id":"685","sehir_id":"62","ilce_adi":"Nazımiye"},
{"id":"686","sehir_id":"9","ilce_adi":"Nazilli"},
{"id":"687","sehir_id":"50","ilce_adi":"Nevşehir"},
{"id":"688","sehir_id":"51","ilce_adi":"Niğde"},
{"id":"689","sehir_id":"60","ilce_adi":"Niksar"},
{"id":"690","sehir_id":"16","ilce_adi":"Nilüfer"},
{"id":"691","sehir_id":"27","ilce_adi":"Nizip"},
{"id":"692","sehir_id":"27","ilce_adi":"Nurdağı"},
{"id":"693","sehir_id":"46","ilce_adi":"Nurhak"},
{"id":"694","sehir_id":"47","ilce_adi":"Nusaybin"},
{"id":"695","sehir_id":"26","ilce_adi":"Odunpazarı"},
{"id":"696","sehir_id":"61","ilce_adi":"Of"},
{"id":"697","sehir_id":"27","ilce_adi":"Oğuzeli"},
{"id":"698","sehir_id":"19","ilce_adi":"Oğuzlar"},
{"id":"699","sehir_id":"25","ilce_adi":"Oltu"},
{"id":"700","sehir_id":"25","ilce_adi":"Olur"},
{"id":"701","sehir_id":"55","ilce_adi":"Ondokuzmayıs"},
{"id":"702","sehir_id":"46","ilce_adi":"Onikişubat"},
{"id":"703","sehir_id":"16","ilce_adi":"Orhaneli"},
{"id":"704","sehir_id":"16","ilce_adi":"Orhangazi"},
{"id":"705","sehir_id":"18","ilce_adi":"Orta"},
{"id":"706","sehir_id":"48","ilce_adi":"Ortaca"},
{"id":"707","sehir_id":"61","ilce_adi":"Ortahisar"},
{"id":"708","sehir_id":"68","ilce_adi":"Ortaköy"},
{"id":"709","sehir_id":"19","ilce_adi":"Ortaköy"},
{"id":"710","sehir_id":"19","ilce_adi":"Osmancık"},
{"id":"711","sehir_id":"11","ilce_adi":"Osmaneli"},
{"id":"712","sehir_id":"16","ilce_adi":"Osmangazi"},
{"id":"713","sehir_id":"80","ilce_adi":"Osmaniye"},
{"id":"714","sehir_id":"24","ilce_adi":"Otlukbeli"},
{"id":"715","sehir_id":"78","ilce_adi":"Ovacık"},
{"id":"716","sehir_id":"62","ilce_adi":"Ovacık"},
{"id":"717","sehir_id":"35","ilce_adi":"Ödemiş"},
{"id":"718","sehir_id":"47","ilce_adi":"Ömerli"},
{"id":"719","sehir_id":"65","ilce_adi":"Özalp"},
{"id":"720","sehir_id":"38","ilce_adi":"Özvatan"},
{"id":"721","sehir_id":"25","ilce_adi":"Palandöken"},
{"id":"722","sehir_id":"23","ilce_adi":"Palu"},
{"id":"723","sehir_id":"20","ilce_adi":"Pamukkale"},
{"id":"724","sehir_id":"54","ilce_adi":"Pamukova"},
{"id":"725","sehir_id":"25","ilce_adi":"Pasinler"},
{"id":"726","sehir_id":"4","ilce_adi":"Patnos"},
{"id":"727","sehir_id":"31","ilce_adi":"Payas"},
{"id":"728","sehir_id":"53","ilce_adi":"Pazar"},
{"id":"729","sehir_id":"60","ilce_adi":"Pazar"},
{"id":"730","sehir_id":"46","ilce_adi":"Pazarcık"},
{"id":"731","sehir_id":"43","ilce_adi":"Pazarlar"},
{"id":"732","sehir_id":"11","ilce_adi":"Pazaryeri"},
{"id":"733","sehir_id":"25","ilce_adi":"Pazaryolu"},
{"id":"734","sehir_id":"39","ilce_adi":"Pehlivanköy"},
{"id":"735","sehir_id":"34","ilce_adi":"Pendik"},
{"id":"736","sehir_id":"52","ilce_adi":"Perşembe"},
{"id":"737","sehir_id":"62","ilce_adi":"Pertek"},
{"id":"738","sehir_id":"56","ilce_adi":"Pervari"},
{"id":"739","sehir_id":"37","ilce_adi":"Pınarbaşı"},
{"id":"740","sehir_id":"38","ilce_adi":"Pınarbaşı"},
{"id":"741","sehir_id":"39","ilce_adi":"Pınarhisar"},
{"id":"742","sehir_id":"28","ilce_adi":"Piraziz"},
{"id":"743","sehir_id":"79","ilce_adi":"Polateli"},
{"id":"744","sehir_id":"6","ilce_adi":"Polatlı"},
{"id":"745","sehir_id":"75","ilce_adi":"Posof"},
{"id":"746","sehir_id":"1","ilce_adi":"Pozantı"},
{"id":"747","sehir_id":"6","ilce_adi":"Pursaklar"},
{"id":"748","sehir_id":"62","ilce_adi":"Pülümür"},
{"id":"749","sehir_id":"44","ilce_adi":"Pütürge"},
{"id":"750","sehir_id":"24","ilce_adi":"Refahiye"},
{"id":"751","sehir_id":"60","ilce_adi":"Reşadiye"},
{"id":"752","sehir_id":"31","ilce_adi":"Reyhanlı"},
{"id":"753","sehir_id":"53","ilce_adi":"Rize"},
{"id":"754","sehir_id":"78","ilce_adi":"Safranbolu"},
{"id":"755","sehir_id":"1","ilce_adi":"Saimbeyli"},
{"id":"756","sehir_id":"55","ilce_adi":"Salıpazarı"},
{"id":"757","sehir_id":"45","ilce_adi":"Salihli"},
{"id":"758","sehir_id":"31","ilce_adi":"Samandağ"},
{"id":"759","sehir_id":"2","ilce_adi":"Samsat"},
{"id":"760","sehir_id":"34","ilce_adi":"Sancaktepe"},
{"id":"761","sehir_id":"3","ilce_adi":"Sandıklı"},
{"id":"762","sehir_id":"54","ilce_adi":"Sapanca"},
{"id":"763","sehir_id":"59","ilce_adi":"Saray"},
{"id":"764","sehir_id":"65","ilce_adi":"Saray"},
{"id":"765","sehir_id":"57","ilce_adi":"Saraydüzü"},
{"id":"766","sehir_id":"66","ilce_adi":"Saraykent"},
{"id":"767","sehir_id":"20","ilce_adi":"Sarayköy"},
{"id":"768","sehir_id":"42","ilce_adi":"Sarayönü"},
{"id":"769","sehir_id":"26","ilce_adi":"Sarıcakaya"},
{"id":"770","sehir_id":"1","ilce_adi":"Sarıçam"},
{"id":"771","sehir_id":"45","ilce_adi":"Sarıgöl"},
{"id":"772","sehir_id":"36","ilce_adi":"Sarıkamış"},
{"id":"773","sehir_id":"66","ilce_adi":"Sarıkaya"},
{"id":"774","sehir_id":"38","ilce_adi":"Sarıoğlan"},
{"id":"775","sehir_id":"70","ilce_adi":"Sarıveliler"},
{"id":"776","sehir_id":"68","ilce_adi":"Sarıyahşi"},
{"id":"777","sehir_id":"34","ilce_adi":"Sarıyer"},
{"id":"778","sehir_id":"38","ilce_adi":"Sarız"},
{"id":"779","sehir_id":"45","ilce_adi":"Saruhanlı"},
{"id":"780","sehir_id":"72","ilce_adi":"Sason"},
{"id":"781","sehir_id":"10","ilce_adi":"Savaştepe"},
{"id":"782","sehir_id":"47","ilce_adi":"Savur"},
{"id":"783","sehir_id":"14","ilce_adi":"Seben"},
{"id":"784","sehir_id":"35","ilce_adi":"Seferihisar"},
{"id":"785","sehir_id":"35","ilce_adi":"Selçuk"},
{"id":"786","sehir_id":"42","ilce_adi":"Selçuklu"},
{"id":"787","sehir_id":"45","ilce_adi":"Selendi"},
{"id":"788","sehir_id":"36","ilce_adi":"Selim"},
{"id":"789","sehir_id":"32","ilce_adi":"Senirkent"},
{"id":"790","sehir_id":"54","ilce_adi":"Serdivan"},
{"id":"791","sehir_id":"7","ilce_adi":"Serik"},
{"id":"792","sehir_id":"20","ilce_adi":"Serinhisar"},
{"id":"793","sehir_id":"48","ilce_adi":"Seydikemer"},
{"id":"794","sehir_id":"37","ilce_adi":"Seydiler"},
{"id":"795","sehir_id":"42","ilce_adi":"Seydişehir"},
{"id":"796","sehir_id":"1","ilce_adi":"Seyhan"},
{"id":"797","sehir_id":"26","ilce_adi":"Seyitgazi"},
{"id":"798","sehir_id":"10","ilce_adi":"Sındırgı"},
{"id":"799","sehir_id":"56","ilce_adi":"Siirt"},
{"id":"800","sehir_id":"33","ilce_adi":"Silifke"},
{"id":"801","sehir_id":"34","ilce_adi":"Silivri"},
{"id":"802","sehir_id":"73","ilce_adi":"Silopi"},
{"id":"803","sehir_id":"21","ilce_adi":"Silvan"},
{"id":"804","sehir_id":"43","ilce_adi":"Simav"},
{"id":"805","sehir_id":"3","ilce_adi":"Sinanpaşa"},
{"id":"806","sehir_id":"6","ilce_adi":"Sincan"},
{"id":"807","sehir_id":"2","ilce_adi":"Sincik"},
{"id":"808","sehir_id":"57","ilce_adi":"Sinop"},
{"id":"809","sehir_id":"58","ilce_adi":"Sivas"},
{"id":"810","sehir_id":"64","ilce_adi":"Sivaslı"},
{"id":"811","sehir_id":"63","ilce_adi":"Siverek"},
{"id":"812","sehir_id":"23","ilce_adi":"Sivrice"},
{"id":"813","sehir_id":"26","ilce_adi":"Sivrihisar"},
{"id":"814","sehir_id":"12","ilce_adi":"Solhan"},
{"id":"815","sehir_id":"45","ilce_adi":"Soma"},
{"id":"816","sehir_id":"66","ilce_adi":"Sorgun"},
{"id":"817","sehir_id":"11","ilce_adi":"Söğüt"},
{"id":"818","sehir_id":"54","ilce_adi":"Söğütlü"},
{"id":"819","sehir_id":"9","ilce_adi":"Söke"},
{"id":"820","sehir_id":"71","ilce_adi":"Sulakyurt"},
{"id":"821","sehir_id":"34","ilce_adi":"Sultanbeyli"},
{"id":"822","sehir_id":"3","ilce_adi":"Sultandağı"},
{"id":"823","sehir_id":"34","ilce_adi":"Sultangazi"},
{"id":"824","sehir_id":"9","ilce_adi":"Sultanhisar"},
{"id":"825","sehir_id":"5","ilce_adi":"Suluova"},
{"id":"826","sehir_id":"60","ilce_adi":"Sulusaray"},
{"id":"827","sehir_id":"80","ilce_adi":"Sumbas"},
{"id":"828","sehir_id":"19","ilce_adi":"Sungurlu"},
{"id":"829","sehir_id":"21","ilce_adi":"Sur"},
{"id":"830","sehir_id":"63","ilce_adi":"Suruç"},
{"id":"831","sehir_id":"10","ilce_adi":"Susurluk"},
{"id":"832","sehir_id":"36","ilce_adi":"Susuz"},
{"id":"833","sehir_id":"58","ilce_adi":"Suşehri"},
{"id":"834","sehir_id":"59","ilce_adi":"Süleymanpaşa"},
{"id":"835","sehir_id":"22","ilce_adi":"Süloğlu"},
{"id":"836","sehir_id":"61","ilce_adi":"Sürmene"},
{"id":"837","sehir_id":"32","ilce_adi":"Sütçüler"},
{"id":"838","sehir_id":"18","ilce_adi":"Şabanözü"},
{"id":"839","sehir_id":"27","ilce_adi":"Şahinbey"},
{"id":"840","sehir_id":"61","ilce_adi":"Şalpazarı"},
{"id":"841","sehir_id":"43","ilce_adi":"Şaphane"},
{"id":"842","sehir_id":"58","ilce_adi":"Şarkışla"},
{"id":"843","sehir_id":"32","ilce_adi":"Şarkikaraağaç"},
{"id":"844","sehir_id":"59","ilce_adi":"Şarköy"},
{"id":"845","sehir_id":"8","ilce_adi":"Şavşat"},
{"id":"846","sehir_id":"28","ilce_adi":"Şebinkarahisar"},
{"id":"847","sehir_id":"66","ilce_adi":"Şefaatli"},
{"id":"848","sehir_id":"27","ilce_adi":"Şehitkamil"},
{"id":"849","sehir_id":"45","ilce_adi":"Şehzadeler"},
{"id":"850","sehir_id":"30","ilce_adi":"Şemdinli"},
{"id":"851","sehir_id":"25","ilce_adi":"Şenkaya"},
{"id":"852","sehir_id":"37","ilce_adi":"Şenpazar"},
{"id":"853","sehir_id":"6","ilce_adi":"Şereflikoçhisar"},
{"id":"854","sehir_id":"73","ilce_adi":"Şırnak"},
{"id":"855","sehir_id":"34","ilce_adi":"Şile"},
{"id":"856","sehir_id":"29","ilce_adi":"Şiran"},
{"id":"857","sehir_id":"56","ilce_adi":"Şirvan"},
{"id":"858","sehir_id":"34","ilce_adi":"Şişli"},
{"id":"859","sehir_id":"3","ilce_adi":"Şuhut"},
{"id":"860","sehir_id":"38","ilce_adi":"Talas"},
{"id":"861","sehir_id":"54","ilce_adi":"Taraklı"},
{"id":"862","sehir_id":"33","ilce_adi":"Tarsus"},
{"id":"863","sehir_id":"42","ilce_adi":"Taşkent"},
{"id":"864","sehir_id":"37","ilce_adi":"Taşköprü"},
{"id":"865","sehir_id":"4","ilce_adi":"Taşlıçay"},
{"id":"866","sehir_id":"5","ilce_adi":"Taşova"},
{"id":"867","sehir_id":"13","ilce_adi":"Tatvan"},
{"id":"868","sehir_id":"20","ilce_adi":"Tavas"},
{"id":"869","sehir_id":"43","ilce_adi":"Tavşanlı"},
{"id":"870","sehir_id":"15","ilce_adi":"Tefenni"},
{"id":"871","sehir_id":"55","ilce_adi":"Tekkeköy"},
{"id":"872","sehir_id":"25","ilce_adi":"Tekman"},
{"id":"873","sehir_id":"26","ilce_adi":"Tepebaşı"},
{"id":"874","sehir_id":"24","ilce_adi":"Tercan"},
{"id":"875","sehir_id":"77","ilce_adi":"Termal"},
{"id":"876","sehir_id":"55","ilce_adi":"Terme"},
{"id":"877","sehir_id":"56","ilce_adi":"Tillo"},
{"id":"878","sehir_id":"35","ilce_adi":"Tire"},
{"id":"879","sehir_id":"28","ilce_adi":"Tirebolu"},
{"id":"880","sehir_id":"60","ilce_adi":"Tokat"},
{"id":"881","sehir_id":"38","ilce_adi":"Tomarza"},
{"id":"882","sehir_id":"61","ilce_adi":"Tonya"},
{"id":"883","sehir_id":"80","ilce_adi":"Toprakkale"},
{"id":"884","sehir_id":"35","ilce_adi":"Torbalı"},
{"id":"885","sehir_id":"33","ilce_adi":"Toroslar"},
{"id":"886","sehir_id":"25","ilce_adi":"Tortum"},
{"id":"887","sehir_id":"29","ilce_adi":"Torul"},
{"id":"888","sehir_id":"37","ilce_adi":"Tosya"},
{"id":"889","sehir_id":"1","ilce_adi":"Tufanbeyli"},
{"id":"890","sehir_id":"62","ilce_adi":"Tunceli"},
{"id":"891","sehir_id":"45","ilce_adi":"Turgutlu"},
{"id":"892","sehir_id":"60","ilce_adi":"Turhal"},
{"id":"893","sehir_id":"65","ilce_adi":"Tuşba"},
{"id":"894","sehir_id":"2","ilce_adi":"Tut"},
{"id":"895","sehir_id":"4","ilce_adi":"Tutak"},
{"id":"896","sehir_id":"34","ilce_adi":"Tuzla"},
{"id":"897","sehir_id":"76","ilce_adi":"Tuzluca"},
{"id":"898","sehir_id":"42","ilce_adi":"Tuzlukçu"},
{"id":"899","sehir_id":"57","ilce_adi":"Türkeli"},
{"id":"900","sehir_id":"46","ilce_adi":"Türkoğlu"},
{"id":"901","sehir_id":"19","ilce_adi":"Uğurludağ"},
{"id":"902","sehir_id":"48","ilce_adi":"Ula"},
{"id":"903","sehir_id":"58","ilce_adi":"Ulaş"},
{"id":"904","sehir_id":"52","ilce_adi":"Ulubey"},
{"id":"905","sehir_id":"64","ilce_adi":"Ulubey"},
{"id":"906","sehir_id":"32","ilce_adi":"Uluborlu"},
{"id":"907","sehir_id":"73","ilce_adi":"Uludere"},
{"id":"908","sehir_id":"51","ilce_adi":"Ulukışla"},
{"id":"909","sehir_id":"74","ilce_adi":"Ulus"},
{"id":"910","sehir_id":"35","ilce_adi":"Urla"},
{"id":"911","sehir_id":"64","ilce_adi":"Uşak"},
{"id":"912","sehir_id":"25","ilce_adi":"Uzundere"},
{"id":"913","sehir_id":"22","ilce_adi":"Uzunköprü"},
{"id":"914","sehir_id":"34","ilce_adi":"Ümraniye"},
{"id":"915","sehir_id":"52","ilce_adi":"Ünye"},
{"id":"916","sehir_id":"50","ilce_adi":"Ürgüp"},
{"id":"917","sehir_id":"34","ilce_adi":"Üsküdar"},
{"id":"918","sehir_id":"24","ilce_adi":"Üzümlü"},
{"id":"919","sehir_id":"61","ilce_adi":"Vakfıkebir"},
{"id":"920","sehir_id":"49","ilce_adi":"Varto"},
{"id":"921","sehir_id":"55","ilce_adi":"Vezirköprü"},
{"id":"922","sehir_id":"63","ilce_adi":"Viranşehir"},
{"id":"923","sehir_id":"39","ilce_adi":"Vize"},
{"id":"924","sehir_id":"28","ilce_adi":"Yağlıdere"},
{"id":"925","sehir_id":"71","ilce_adi":"Yahşihan"},
{"id":"926","sehir_id":"38","ilce_adi":"Yahyalı"},
{"id":"927","sehir_id":"55","ilce_adi":"Yakakent"},
{"id":"928","sehir_id":"25","ilce_adi":"Yakutiye"},
{"id":"929","sehir_id":"42","ilce_adi":"Yalıhüyük"},
{"id":"930","sehir_id":"77","ilce_adi":"Yalova"},
{"id":"931","sehir_id":"32","ilce_adi":"Yalvaç"},
{"id":"932","sehir_id":"18","ilce_adi":"Yapraklı"},
{"id":"933","sehir_id":"48","ilce_adi":"Yatağan"},
{"id":"934","sehir_id":"27","ilce_adi":"Yavuzeli"},
{"id":"935","sehir_id":"31","ilce_adi":"Yayladağı"},
{"id":"936","sehir_id":"12","ilce_adi":"Yayladere"},
{"id":"937","sehir_id":"44","ilce_adi":"Yazıhan"},
{"id":"938","sehir_id":"12","ilce_adi":"Yedisu"},
{"id":"939","sehir_id":"17","ilce_adi":"Yenice"},
{"id":"940","sehir_id":"78","ilce_adi":"Yenice"},
{"id":"941","sehir_id":"14","ilce_adi":"Yeniçağa"},
{"id":"942","sehir_id":"66","ilce_adi":"Yenifakılı"},
{"id":"943","sehir_id":"6","ilce_adi":"Yenimahalle"},
{"id":"944","sehir_id":"9","ilce_adi":"Yenipazar"},
{"id":"945","sehir_id":"11","ilce_adi":"Yenipazar"},
{"id":"946","sehir_id":"32","ilce_adi":"Yenişarbademli"},
{"id":"947","sehir_id":"16","ilce_adi":"Yenişehir"},
{"id":"948","sehir_id":"21","ilce_adi":"Yenişehir"},
{"id":"949","sehir_id":"33","ilce_adi":"Yenişehir"},
{"id":"950","sehir_id":"66","ilce_adi":"Yerköy"},
{"id":"951","sehir_id":"38","ilce_adi":"Yeşilhisar"},
{"id":"952","sehir_id":"47","ilce_adi":"Yeşilli"},
{"id":"953","sehir_id":"15","ilce_adi":"Yeşilova"},
{"id":"954","sehir_id":"44","ilce_adi":"Yeşilyurt"},
{"id":"955","sehir_id":"60","ilce_adi":"Yeşilyurt"},
{"id":"956","sehir_id":"81","ilce_adi":"Yığılca"},
{"id":"957","sehir_id":"16","ilce_adi":"Yıldırım"},
{"id":"958","sehir_id":"58","ilce_adi":"Yıldızeli"},
{"id":"959","sehir_id":"61","ilce_adi":"Yomra"},
{"id":"960","sehir_id":"66","ilce_adi":"Yozgat"},
{"id":"961","sehir_id":"1","ilce_adi":"Yumurtalık"},
{"id":"962","sehir_id":"42","ilce_adi":"Yunak"},
{"id":"963","sehir_id":"45","ilce_adi":"Yunusemre"},
{"id":"964","sehir_id":"8","ilce_adi":"Yusufeli"},
{"id":"965","sehir_id":"30","ilce_adi":"Yüksekova"},
{"id":"966","sehir_id":"1","ilce_adi":"Yüreğir"},
{"id":"967","sehir_id":"58","ilce_adi":"Zara"},
{"id":"968","sehir_id":"34","ilce_adi":"Zeytinburnu"},
{"id":"969","sehir_id":"60","ilce_adi":"Zile"},
{"id":"970","sehir_id":"67","ilce_adi":"Zonguldak"},
{"id":"971","sehir_id":"8","ilce_adi":"Kemalpaşa"},
{"id":"972","sehir_id":"68","ilce_adi":"Sultanhanı"}
]